{"cameraMode":{"drawMode":0,"name":"Shaded","section":"Shading Mode"},"sceneLighting":true,"audioPlay":false,"sceneViewState":{"showFog":true,"showMaterialUpdate":false,"showSkybox":true,"showFlares":true,"showImageEffects":true,"showParticleSystems":true},"in2DMode":false,"pivot":{"x":9.653059959411621,"y":212.8325958251953,"z":19.444522857666017},"rotation":{"x":0.05341397970914841,"y":0.3475080132484436,"z":-0.019839858636260034,"w":0.9359622597694397},"size":7.629573345184326,"orthographic":false}