{"cameraMode":{"drawMode":0,"name":"Shaded","section":"Shading Mode"},"sceneLighting":true,"audioPlay":false,"sceneViewState":{"showFog":true,"showMaterialUpdate":false,"showSkybox":true,"showFlares":true,"showImageEffects":true,"showParticleSystems":true},"in2DMode":false,"pivot":{"x":-17.176462173461915,"y":16.720436096191408,"z":116.62659454345703},"rotation":{"x":0.030300041660666467,"y":0.018286053091287614,"z":-0.0005547452019527555,"w":0.9993755221366882},"size":10.0,"orthographic":false}